program,kegiatan,subkegiatan
Program Penunjang Urusan Pemerintahan Daerah,Perencanaan dan Evaluasi Kinerja Perangkat Daerah,Penyusunan Dokumen Perencanaan Perangkat Daerah
Program Penunjang Urusan Pemerintahan Daerah,Perencanaan dan Evaluasi Kinerja Perangkat Daerah,Koordinasi dan Penyusunan Laporan Capaian Kinerja
Program Penunjang Urusan Pemerintahan Daerah,Perencanaan dan Evaluasi Kinerja Perangkat Daerah,Evaluasi Kinerja Perangkat Daerah
Program Penunjang Urusan Pemerintahan Daerah,Administrasi Keuangan Perangkat Daerah,Penyediaan Gaji dan Tunjangan ASN
Program Penunjang Urusan Pemerintahan Daerah,Administrasi Keuangan Perangkat Daerah,Koordinasi dan Penyusunan Laporan Keuangan Bulanan
Program Penunjang Urusan Pemerintahan Daerah,Administrasi Keuangan Perangkat Daerah,Penyusunan Laporan Keuangan Akhir Tahun
Program Penunjang Urusan Pemerintahan Daerah,Administrasi Umum Perangkat Daerah,Penyediaan Komponen Instalasi Listrik dan Penerangan
Program Penunjang Urusan Pemerintahan Daerah,Administrasi Umum Perangkat Daerah,Penyediaan Bahan Logistik Kantor
Program Penunjang Urusan Pemerintahan Daerah,Administrasi Umum Perangkat Daerah,Penyediaan Barang Cetakan dan Penggandaan
Program Penunjang Urusan Pemerintahan Daerah,Administrasi Umum Perangkat Daerah,Penyediaan Bahan dan Pakaian Dinas
Program Penunjang Urusan Pemerintahan Daerah,Administrasi Umum Perangkat Daerah,Penyelenggaraan Rapat Koordinasi dan Konsultasi
Program Penunjang Urusan Pemerintahan Daerah,Penyediaan Jasa Penunjang Urusan Pemerintahan Daerah,Penyediaan Jasa Surat Menyurat
Program Penunjang Urusan Pemerintahan Daerah,Penyediaan Jasa Penunjang Urusan Pemerintahan Daerah,Penyediaan Jasa Komunikasi dan Sumber Daya Air Listrik
Program Penunjang Urusan Pemerintahan Daerah,Penyediaan Jasa Penunjang Urusan Pemerintahan Daerah,Penyediaan Jasa Pelayanan Umum Kantor
Program Penunjang Urusan Pemerintahan Daerah,Pemeliharaan Barang Milik Daerah,Penyediaan Jasa Pemeliharaan dan Perizinan Kendaraan Dinas
Program Penunjang Urusan Pemerintahan Daerah,Pemeliharaan Barang Milik Daerah,Pemeliharaan Peralatan dan Mesin Lainnya
Program Penunjang Urusan Pemerintahan Daerah,Pemeliharaan Barang Milik Daerah,Pemeliharaan/Rehabilitasi Gedung Kantor dan Bangunan
Program Penyelenggaraan Pemerintahan dan Pelayanan Publik,Koordinasi Penyelenggaraan Kegiatan Pemerintahan di Tingkat Kecamatan,Koordinasi/Sinergi Perencanaan dan Pelaksanaan Kegiatan Pemerintahan
Program Penyelenggaraan Pemerintahan dan Pelayanan Publik,Koordinasi Penyelenggaraan Kegiatan Pemerintahan di Tingkat Kecamatan,Peningkatan Efektifitas Pelaksanaan Pemantauan dan Pengawasan
Program Penyelenggaraan Pemerintahan dan Pelayanan Publik,Koordinasi Penyelenggaraan Kegiatan Pemerintahan di Tingkat Kecamatan,Fasilitasi Percepatan Pencapaian SPM di Tingkat Kecamatan
Program Penyelenggaraan Pemerintahan dan Pelayanan Publik,Pelaksanaan Urusan Pemerintahan yang Dilimpahkan kepada Camat,Pelaksanaan Urusan yang Dilimpahkan sesuai Peraturan Perundangan
Program Pemberdayaan Masyarakat Desa dan Kelurahan,Koordinasi Kegiatan Pemberdayaan Desa,Peningkatan Partisipasi Masyarakat dalam Forum Musyawarah Perencanaan
Program Pemberdayaan Masyarakat Desa dan Kelurahan,Koordinasi Kegiatan Pemberdayaan Desa,Pemberdayaan Lembaga Kemasyarakatan Tingkat Kecamatan
Program Pemberdayaan Masyarakat Desa dan Kelurahan,Koordinasi Kegiatan Pemberdayaan Desa,Pelaksanaan Musyawarah Perencanaan Pembangunan Kecamatan
Program Koordinasi Ketentraman dan Ketertiban Umum,Koordinasi Upaya Penyelenggaraan Ketenteraman dan Ketertiban Umum,Sinergitas dengan Kepolisian dan TNI serta Instansi Vertikal
Program Koordinasi Ketentraman dan Ketertiban Umum,Koordinasi Upaya Penyelenggaraan Ketenteraman dan Ketertiban Umum,Harmonisasi Hubungan dengan Tokoh Agama dan Tokoh Masyarakat
